{
  "K": [
    [
      1421.9371129089411,
      0.0,
      961.9562067217524
    ],
    [
      0.0,
      1421.6475065049908,
      718.0873447769497
    ],
    [
      0.0,
      0.0,
      1.0
    ]
  ],
  "distCoeffs": [
    -0.0001382395582729972,
    -0.012677571540792453,
    -0.00032530340381176813,
    0.0012306954609447587,
    -0.006135829577553528
  ],
  "rms": 1.9269657791451542,
  "image_size": [
    1920,
    1440
  ]
}