{
  "K": [
    [
      1411.1750619901152,
      0.0,
      981.1737213827525
    ],
    [
      0.0,
      1407.9973327402195,
      720.8366940928706
    ],
    [
      0.0,
      0.0,
      1.0
    ]
  ],
  "distCoeffs": [
    -0.007845273756435612,
    0.006842015897552947,
    0.00019403067856548135,
    0.003188467386462248,
    -0.01179978795118113
  ],
  "rms": 1.9207315155008176,
  "image_size": [
    1920,
    1440
  ]
}